img,csf,gm,wm,
IBSR_17,0.8371604445471543,0.8819341129431185,0.8649476604768779,
IBSR_11,0.7688450839657955,0.7177546934376395,0.7726736868271354,
IBSR_13,0.7673677501593371,0.7234062426333339,0.7152689905979668,
IBSR_14,0.8441035289577152,0.8261277018856482,0.7732577287421672,
IBSR_12,0.817682166099066,0.7747022702794353,0.8002753142293695,
