img,csf,gm,wm,
IBSR_13,0.8212457840986815,0.8608709297166478,0.8842686075478376,
IBSR_12,0.8578623158245234,0.8204808063269229,0.9132397246437164,
IBSR_17,0.6828511700047205,0.8664008633082655,0.8434479135394777,
IBSR_11,0.8514665476833478,0.8148915995613994,0.9065084717206582,
IBSR_14,0.8419069153947616,0.853164948485771,0.9048205076262102,
