img,csf,gm,wm,
IBSR_17,0.6586281619429724,0.813012475293322,0.8573296149615235,
IBSR_11,0.8413324463029842,0.9192822092419579,0.8197552419708058,
IBSR_13,0.8113821138211382,0.8924420872006864,0.8659655027345393,
IBSR_14,0.8470022152878683,0.9115637159121309,0.8572772141998504,
IBSR_12,0.8401778598095557,0.9151384007092098,0.8159266618933074,
