img,csf,gm,wm,
IBSR_13,0.7979608758406781,0.7398824208829791,0.7273263695414622,
IBSR_12,0.8179938371715861,0.7961088693480439,0.8465900341494788,
IBSR_17,0.8691002862617995,0.8502881363795924,0.8607025660852422,
IBSR_11,0.805607923315897,0.8379797220951614,0.9204022106737088,
IBSR_14,0.885813342280378,0.7991879420752896,0.8592579435293796,
