img,csf,gm,wm,
IBSR_13,0.8121051558997351,0.8377001888399477,0.8473357777281535,
IBSR_12,0.8300417143489978,0.836449613536577,0.9009893802540156,
IBSR_17,0.8348895373072114,0.8334171931744446,0.8523572551516144,
IBSR_11,0.8184542117273539,0.8255756643538005,0.8995016424643086,
IBSR_14,0.8316510229141085,0.8468802550163452,0.8888702668005223,
