img,csf,gm,wm,
IBSR_17,0.8643419997168876,0.8616503913192403,0.8525904595424371,
IBSR_11,0.8115360970785556,0.9177986316251374,0.8328686448825631,
IBSR_13,0.7551957159250287,0.6836731668264526,0.6830447998418663,
IBSR_14,0.8592969178774661,0.8396899448988786,0.7792944722839744,
IBSR_12,0.8105626618535666,0.8432684121827059,0.7938860122133128,
