img,csf,gm,wm,
IBSR_17,0.8087814330382701,0.8463830406602909,0.819848475326354,
IBSR_11,0.6653939281057926,0.9299457098069668,0.8434906450937102,
IBSR_13,0.7439218999342908,0.8376697037349906,0.8139578676531165,
IBSR_14,0.7857706409244907,0.8930910344998915,0.8347165824770512,
IBSR_12,0.7293671505464036,0.9172814782380724,0.8193892174273545,
