img,csf,gm,wm,
IBSR_13,0.7381512407385629,0.8157114046438102,0.8047342143604159,
IBSR_12,0.8501139336652882,0.780337489155935,0.8291228127002783,
IBSR_17,0.8613205812028693,0.7913809168218799,0.8060078116301029,
IBSR_11,0.8619017292901582,0.7695228499460237,0.8210395074004666,
IBSR_14,0.7940573466052593,0.8065340196516789,0.8295030787276371,
