img,csf,gm,wm,
IBSR_13,0.8105778740639571,0.7427457776165757,0.745602242739521,
IBSR_12,0.8368782102106243,0.8180084975802142,0.8306127046171496,
IBSR_17,0.8454815372391586,0.859481158455299,0.8774677541936821,
IBSR_11,0.8002154398563734,0.7962663401428223,0.7928494142416199,
IBSR_14,0.8734159652206086,0.8015043979760627,0.8523055207495372,
