img,csf,gm,wm,
IBSR_13,0.7781554611347163,0.8319366560751182,0.8505579102497388,
IBSR_12,0.7701141924959217,0.809374809895818,0.896536711391216,
IBSR_17,0.838379610250686,0.8461367280292996,0.8644777967937175,
IBSR_11,0.7204610951008645,0.8376968476406255,0.9189337510522895,
IBSR_14,0.8240476424844965,0.8455068513512343,0.8977908441831164,
