img,csf,gm,wm,
IBSR_13,0.8075374972465307,0.8416923951541824,0.8514435284246048,
IBSR_12,0.8273187000416886,0.8373357013653058,0.8998946876683654,
IBSR_17,0.8282113189016655,0.8378061204374286,0.8572774271575917,
IBSR_11,0.8137974090838146,0.8257086295235491,0.8970909332717906,
IBSR_14,0.8237602714525163,0.8489119126316883,0.8893130547744948,
