img,csf,gm,wm,
IBSR_13,0.6227009113504557,0.5831872740753199,0.6519280458091165,
IBSR_12,0.7400425294463632,0.5912496537017967,0.7485757843899045,
IBSR_17,0.6434448971826296,0.6197963251606139,0.6872754625069398,
IBSR_11,0.6561867960207186,0.5799535997109203,0.7507070898596655,
IBSR_14,0.6242313556624164,0.5878757129503724,0.7052538023261289,
