img,csf,gm,wm,
IBSR_13,0.7737037398691534,0.8372179297102065,0.8554089679972451,
IBSR_12,0.7665320599106895,0.809253608287658,0.8938847955809218,
IBSR_17,0.8330945395829069,0.8506368447314847,0.8677818907608046,
IBSR_11,0.7122624020565045,0.8381560426002398,0.9176115590775138,
IBSR_14,0.8159283081592831,0.848800424277476,0.9002637755689569,
