img,csf,gm,wm,
IBSR_13,0.8216231514894219,0.8608526790849363,0.8841380712798157,
IBSR_12,0.85869384359401,0.8206353084429978,0.9133301910608672,
IBSR_17,0.6820977953392304,0.8663804809414495,0.8434527031527479,
IBSR_11,0.8515014204211959,0.8149144580773884,0.9064411259884776,
IBSR_14,0.84221190773508,0.8531652790900826,0.9048323221683159,
