img,csf,gm,wm,
IBSR_13,0.6244569002686478,0.5956719093625676,0.6603527658865289,
IBSR_12,0.7617910632887841,0.5963812862409184,0.756162471395881,
IBSR_17,0.5368902122355711,0.6728716060996625,0.7183861494510377,
IBSR_11,0.667848719535654,0.590460213652108,0.760198363331317,
IBSR_14,0.6290769126882302,0.6042425378411975,0.7169523640966554,
