img,csf,gm,wm,
IBSR_13,0.685777729803081,0.841502928418002,0.8501876873414803,
IBSR_12,0.7483441776325387,0.8354130341394385,0.8966905731977205,
IBSR_17,0.6763938574976958,0.8380072699005369,0.8570320492213712,
IBSR_11,0.7054963835566271,0.8239185785345794,0.8939475778940187,
IBSR_14,0.6794984601847778,0.8463731784797107,0.8848568788019987,
