img,csf,gm,wm,
IBSR_13,0.8121051558997351,0.83770413075613,0.8473357777281535,
IBSR_12,0.8300417143489978,0.8365910851974645,0.9009893802540156,
IBSR_17,0.8348895373072114,0.8333818553684536,0.8523572551516144,
IBSR_11,0.8184542117273539,0.8255738874106647,0.8995016424643086,
IBSR_14,0.8316510229141085,0.8467602968447298,0.8888702668005223,
