img,csf,gm,wm,
IBSR_17,0.8536995644860244,0.7109485590576434,0.7471498281671203,
IBSR_11,0.8113061112084721,0.6108081530484534,0.7730275107875564,
IBSR_13,0.6537369914853358,0.7860527786396304,0.7544743648666329,
IBSR_14,0.7423786633586602,0.7727245177950257,0.7770528430628664,
IBSR_12,0.793300975119157,0.6149969845044855,0.7668228127055186,
