img,csf,gm,wm,
IBSR_17,0.8210938935505604,0.8193465692700547,0.79135137269449,
IBSR_11,0.766227594989641,0.9053000217170436,0.8251187944040583,
IBSR_13,0.7830166364424821,0.8161755188695896,0.8072089504516058,
IBSR_14,0.7925629313640662,0.8890804364250838,0.8417881275113903,
IBSR_12,0.7846879729368824,0.9055627281896157,0.8359301659165467,
