img,csf,gm,wm,
IBSR_13,0.7979245978140734,0.7405342194000502,0.727877849094041,
IBSR_12,0.8184175343353726,0.7961361979421115,0.8465482549689499,
IBSR_17,0.8694418164616841,0.8503829800647231,0.8609642535175953,
IBSR_11,0.8060327659913439,0.8380967385052901,0.9205836983857107,
IBSR_14,0.8861545345227775,0.7988359431915211,0.8589120015514156,
