img,csf,gm,wm,
IBSR_13,0.7269591078066915,0.8075448067998774,0.7992286443599405,
IBSR_12,0.845513963161022,0.7788095213955237,0.8360185555418597,
IBSR_17,0.8638016675536633,0.8251553234181713,0.8165670864257876,
IBSR_11,0.8604221570897268,0.7687928501170629,0.8296891333101704,
IBSR_14,0.8254476800732308,0.8011599747767344,0.8295554743789993,
