img,csf,gm,wm,
IBSR_13,0.7781554611347163,0.8319524200704338,0.8505579102497388,
IBSR_12,0.7701141924959217,0.809440752542536,0.896536711391216,
IBSR_17,0.838379610250686,0.8461932268092909,0.8644777967937175,
IBSR_11,0.7204610951008645,0.8375772588369715,0.9189337510522895,
IBSR_14,0.8240476424844965,0.8454654857955142,0.8977908441831164,
