img,csf,gm,wm,
IBSR_13,0.8107688325135904,0.7420398827877006,0.7450014792028664,
IBSR_12,0.8371643542486367,0.8179954775653958,0.8305862033432458,
IBSR_17,0.8459237254450743,0.8597419499017359,0.8778958740274337,
IBSR_11,0.8007477576258696,0.7960218845124327,0.792123388754141,
IBSR_14,0.8737486995723038,0.8017559063580136,0.8525595676995075,
